"","country","power_index","active_personnel","aircraft_carriers","armored_vehicles","attack_helicopters","available_manpower","coastline_coverage","corvettes","dedicated_attack","defense_budget","destroyers","external_debt","fighters_interceptors","fit_for_service","foreign_exchange_gold","frigates","helicopter_carriers","helicopters","labor_force","merchant_marine_fleet","mine_warfare","navy_ships","oil_consumption","oil_production","oil_proven_reserves","paramilitary","patrol_vessels","ports___trade_terminals","purchasing_power_parity","railway_coverage","reaching_mil_age_annually","reserve_personnel","roadway_coverage","rocket_projectors","self_propelled_artillery","shared_borders","special_mission","square_land_area","submarines","tanker_fleet","tanks","total_aircraft_strength","total_population","towed_artillery","trainers","transports","waterways__usable_"
"1","Afghanistan",3.3736,0,0,530,0,14611901,0,0,0,99050000,0,2.84e+08,0,8242611,5e+09,0,0,0,8478000,0,0,0,35000,0,0,60000,0,2,3.6e+10,0,786795,0,34903,13,0,5987,0,652230,0,0,0,0,37466414,60,0,0,1200
"2","Albania",3.0023,8000,0,76,0,1513309,362,0,0,192400000,0,9.311e+09,19,1284768,4e+08,0,0,19,1104000,70,0,19,29000,14000,168300000,500,19,4,3.8e+10,677,61768,0,3945,0,0,691,0,28748,0,0,0,19,3088385,0,0,0,41
"3","Algeria",0.4724,130000,0,6461,45,20916812,998,6,22,9.7e+09,0,5.574e+09,552,17779290,1e+11,5,0,268,10859000,114,0,201,405000,1260000,1.22e+10,200000,25,12,4.7e+11,3973,697227,135000,104000,334,545,6734,9,2381741,6,5,2196,552,43576691,450,87,58,0
"4","Angola",1.0931,107000,0,1210,15,6728529,1600,0,18,1059270000,0,4.208e+10,299,3364265,1.6995e+10,0,0,117,12510000,54,2,40,130000,1600000,9.523e+09,10000,37,6,2.057e+11,2852,336426,0,26000,118,28,5369,2,1246700,0,0,320,299,33642646,585,61,30,1300
"5","Argentina",0.6091,83000,0,800,0,20180574,4989,9,6,3064800000,4,2.78524e+11,218,17153488,4.5e+10,0,0,85,18000000,202,0,47,806000,490000,2.162e+09,20000,13,10,9e+11,36917,687974,0,281290,26,75,11968,10,2780400,2,2,349,218,45864941,172,70,22,11000
"6","Armenia",2.3169,45000,0,673,20,1686501,0,0,10,632500000,0,1.1637e+10,64,1382329,2.2e+09,0,0,36,1507000,0,0,0,8000,0,0,4300,0,0,4e+10,780,45174,210000,7700,94,38,1570,0,29743,0,0,288,64,3011609,145,10,2,0
"7","Australia",0.2377,59000,0,1765,22,10840189,25760,0,37,4.4618e+10,3,3.115913e+12,430,8878631,6e+10,8,2,133,12568000,581,4,43,1175000,285000,1.821e+09,0,12,29,1.2509e+12,33343,283910,20000,873573,0,0,0,31,7741220,6,6,59,430,25809973,54,113,38,2000
"8","Austria",0.8924,23000,0,542,0,3998189,0,0,0,3.432e+09,0,6.88434e+11,102,3598370,2.2e+10,0,0,63,3739000,0,0,0,268000,13000,41200000,0,0,4,4.651e+11,5800,97734,160000,137039,0,62,2524,0,83871,0,0,56,102,8884864,0,13,11,0
"9","Azerbaijan",1.0251,65000,0,1762,17,5038319,713,0,11,1.7e+09,0,1.741e+10,149,3773598,6.7e+09,1,0,87,4939000,305,7,24,100000,800000,7e+09,15000,13,1,1.4e+11,2944,154234,300000,24981,291,167,2468,0,86600,4,0,510,149,10282283,319,32,2,0
"10","Bahrain",2.3269,10000,0,833,22,824542,161,2,0,1538800000,0,5.215e+10,110,702387,2.349e+09,1,0,51,831600,205,0,48,61000,40000,124600000,3000,44,2,7e+10,0,16796,0,4122,17,38,0,0,760,0,0,180,110,1526929,26,37,3,0
"11","Bangladesh",0.6851,165000,0,837,0,80408421,580,6,0,3890400000,0,5.026e+10,190,64326737,3.342e+10,7,0,66,66640000,468,5,112,106000,3000,2.8e+07,6800000,30,3,8e+11,2460,3117878,0,369105,69,27,4413,2,143998,2,0,320,190,164098818,371,63,13,8370
"12","Belarus",0.8124,45000,0,1510,21,5004176,0,0,67,723120000,0,3.9847e+10,201,3701202,7.315e+09,0,0,62,4381000,4,0,0,141000,30000,1.98e+08,110000,0,1,1.8e+11,5528,103860,290000,86600,238,482,3599,0,207600,0,0,601,201,9441842,228,30,4,2500
"13","Belgium",1.1451,26000,0,854,0,4829325,67,0,0,5513710000,0,1.317513e+12,115,3816345,2.616e+10,2,0,20,4122000,201,5,17,648600,0,0,0,2,8,5.6e+11,3592,117788,7000,118414,0,0,1297,0,30528,0,0,0,115,11778842,0,43,8,2043
"14","Bhutan",35.8958,8000,0,27,0,197207,0,0,0,28908000,0,2.671e+09,2,118324,1.206e+09,0,0,2,397900,0,0,0,3000,0,0,0,0,0,8.42e+09,0,4287,0,12205,0,0,1136,0,38394,0,0,0,2,857423,0,0,0,0
"15","Bolivia",1.5708,50000,0,152,0,5173902,0,0,0,476970000,0,1.281e+10,63,3927462,1.026e+10,0,0,28,5719000,45,0,170,83000,60000,211500000,0,49,5,9.5e+10,3690,223419,0,90568,0,0,7252,0,1098581,0,0,36,63,11758869,40,21,14,10000
"16","Bosnia and Herzegovina",4.0288,9000,0,332,0,2371365,20,0,0,178110000,0,1.087e+10,19,1969763,6.474e+09,0,0,19,806000,0,0,0,32000,0,0,0,0,5,4.8e+10,965,49722,0,22926,143,57,1543,0,51197,0,0,320,19,3824782,679,0,0,0
"17","Botswana",2.6008,9000,0,223,0,987280,0,0,0,473400000,0,2.187e+09,46,592368,7.491e+09,0,0,16,1177000,0,0,0,21000,0,0,0,0,0,3.8e+10,888,23507,0,31747,20,12,4347,0,581730,0,0,45,46,2350667,40,9,10,0
"18","Brazil",0.1695,360000,0,1958,12,108857163,7491,2,77,1.8785e+10,0,6.81336e+11,679,86018503,3.74e+11,6,1,179,86621000,864,5,112,2956000,2600000,1.263e+10,400000,22,17,3.3e+12,29850,3415127,1340000,2000000,78,136,16145,41,8514877,7,2,439,679,213445417,546,210,125,50000
"19","Bulgaria",1.1071,30000,0,594,2,3252015,354,2,6,1105760000,0,3.9059e+10,66,2663884,2.838e+10,4,0,22,3113000,79,12,29,97000,1000,1.5e+07,0,0,2,1.5506e+11,5114,62273,3000,19512,192,506,1806,0,110880,0,0,410,66,6919180,350,20,7,470
"20","Burkina Faso",4.7216,12000,0,265,2,7911584,0,0,3,434250000,0,3.056e+09,18,5623639,4.9e+07,0,0,10,8501000,0,0,0,23000,0,0,250,0,0,4.516e+10,622,342123,0,15304,0,0,3611,0,274200,0,0,0,18,21382659,0,4,1,0
"21","Cambodia",2.3944,100000,0,449,0,8306094,443,0,0,632250000,0,1.187e+10,23,5814266,1.22e+10,0,0,19,8913000,245,0,27,45000,0,0,10000,20,2,7e+10,642,311479,0,47263,97,0,2530,0,181035,0,0,539,23,17304363,200,0,4,3700
"22","Cameroon",2.5771,40000,0,253,0,9698220,400,0,0,3.98e+08,0,9.375e+09,31,5733359,3.235e+09,0,0,17,9912000,94,0,60,45000,70000,2e+08,12000,37,3,9.4e+10,987,456387,0,77589,20,0,5018,2,475440,0,0,0,31,28524175,77,6,6,0
"23","Canada",0.3601,70000,0,1534,0,16315589,202080,0,0,23550574382,0,2.124887e+12,380,13204244,8.668e+10,12,0,118,18136000,679,0,61,2445000,4265000,1.705e+11,5500,12,13,1.74279e+12,77932,417376,19000,1042300,0,0,8893,24,9984670,4,6,82,380,37943231,163,133,36,636
"24","Central African Republic",5.2184,10000,0,89,0,2089614,0,0,0,41454000,0,779900000,3,1189472,304300000,0,0,1,2242000,0,0,0,2800,0,0,1000,0,2,4.5e+09,0,96444,0,24000,0,0,5920,0,622984,0,0,3,3,5357984,0,0,2,2800
"25","Chad",1.9638,30000,0,691,3,6269079,0,0,6,292610000,0,1.724e+09,35,3517650,22900000,0,0,16,5654000,0,0,0,2300,135000,1.5e+09,5000,0,0,2.5e+10,0,348282,0,40000,16,10,6406,2,1284000,0,0,90,35,17414108,15,4,7,0
"26","Chile",0.8169,80000,0,1063,0,8787804,6435,0,0,5.058e+09,0,1.93298e+11,290,7378094,3.898e+10,8,0,78,7249000,231,0,133,354500,3000,1.5e+08,50000,97,11,4.4588e+11,7282,292927,40000,77801,30,48,7801,17,756102,4,6,270,290,18307925,164,113,31,12290
"27","China",0.0511,2000000,2,35000,281,754864769,14500,70,371,2.5024e+11,41,2.02795e+12,3285,619268690,3.236e+12,49,1,912,774710000,6662,36,777,12470000,3775000,2.563e+10,624000,152,22,2.300978e+13,131000,19570568,510000,4960600,3160,4120,22457,114,9596961,79,3,5250,3285,1397897720,1734,399,286,110000
"28","Colombia",0.6438,295000,0,483,0,24674269,3208,2,38,8.139e+09,0,1.35644e+11,454,19487637,4.713e+10,4,0,211,19309000,122,0,450,333000,865000,1.665e+09,185000,285,8,6.85e+11,2141,856046,35000,206500,0,6,6672,28,1138910,11,1,0,454,50355650,110,82,77,24725
"29","Croatia",0.9962,15000,0,650,0,2062397,5835,0,0,2.1e+09,0,4.81e+10,78,1586783,1.882e+10,0,0,40,1656000,354,1,34,73000,14000,7.1e+07,2000,15,6,1.05e+11,2722,54171,20000,26958,105,24,2237,0,56594,0,0,72,78,4208973,231,26,0,785
"30","Cuba",1.2246,50000,0,1570,4,5957465,3735,0,0,2989900000,0,3.006e+10,80,4765972,1.135e+10,2,0,14,4691000,59,5,19,175000,50000,1.24e+08,1146000,7,8,1.35e+11,8367,143420,40000,60000,20,100,29,0,110860,1,0,1230,80,11032343,150,26,2,240
"31","Czechia",0.6161,26000,0,692,15,5030220,0,0,16,3262900000,0,1.91871e+11,92,4077689,1.48e+11,0,0,44,5222000,0,0,0,213700,2000,1.5e+07,0,0,3,4.1e+11,9408,96323,0,55744,0,86,2046,0,78867,0,0,116,92,10702596,0,10,10,664
"32","Democratic Republic of the Congo",1.4171,100000,0,201,8,35715180,37,0,4,299220000,0,4.605e+09,46,28572144,457500000,0,0,32,20692000,22,0,16,21000,17000,1.8e+08,10000,16,11,9.5e+10,4007,2310982,0,152373,55,16,10481,0,2344858,0,0,212,46,105044646,125,0,8,15000
"33","Denmark",0.8677,16000,0,997,0,2593662,7314,0,4,3993096624,0,5.04808e+11,115,2098509,7.525e+10,9,0,34,2736000,717,0,74,158500,115000,4.39e+08,0,15,8,3.262e+11,3476,76631,45500,74558,0,15,140,3,43094,0,0,44,115,5894687,0,37,4,400
"34","Dominican Republic",3.5349,60000,0,35,0,4874780,1288,0,8,630720000,0,2.3094e+10,65,3952811,6.873e+09,0,0,33,4732000,38,0,34,134000,0,0,30000,14,5,1.85e+11,496,95376,0,19705,0,0,376,1,48320,0,0,10,65,10597348,15,11,12,350
"35","Ecuador",1.1235,40000,0,698,0,7862853,2237,6,0,2272630000,0,5.0667e+10,113,6290283,2.395e+09,2,0,41,8086000,145,0,30,265000,515000,8.273e+09,500,5,5,1.85e+11,965,307677,120000,43216,43,15,2237,9,283560,2,0,252,113,17093159,200,33,21,1500
"36","Egypt",0.1869,450000,0,10000,91,43639269,2450,7,93,4357200000,0,1.09238e+11,1062,36614411,3.589e+10,13,2,313,24113000,421,23,245,878000,640000,4.4e+09,300000,48,11,1.22304e+12,5085,1596559,480000,65050,1235,1165,2612,11,1001450,8,0,4394,1062,106437241,2200,341,59,3500
"37","El Salvador",4.3558,21000,0,125,0,3133505,307,0,13,295680000,0,1.724e+10,47,2474163,3.567e+09,0,0,29,2908000,2,0,4,52000,0,0,15000,3,2,5.2e+10,15,143619,10000,9012,0,0,590,0,21041,0,0,0,47,6528135,70,2,3,0
"38","Eritrea",4.1541,175000,0,200,6,2151589,2234,0,0,105315000,0,792700000,33,1549144,2.25e+08,0,0,13,2710000,9,0,20,4000,0,0,0,18,2,1e+10,306,73769,200000,16000,34,20,1840,0,117600,0,0,300,33,6147398,30,7,5,0
"39","Estonia",2.6527,6500,0,180,0,597821,3794,0,0,713690000,0,2.3944e+10,6,466056,3.45e+08,0,0,0,648000,68,4,6,28300,0,0,16000,2,6,4.5e+10,2146,13420,12000,58412,0,18,657,0,45228,0,0,0,6,1220042,66,4,2,335
"40","Ethiopia",1.0798,150000,0,110,7,53218095,0,0,0,5.38e+08,0,2.727e+10,90,33039567,3.013e+09,0,0,32,52820000,11,0,0,74000,0,428000,0,0,2,2.6405e+11,659,2550034,0,120171,183,67,5925,0,1104300,0,0,340,90,110871031,470,26,9,0
"41","Finland",0.9019,23000,0,2090,0,2290851,1250,0,0,2669733900,0,6.31549e+11,192,1899730,1.051e+10,0,0,20,2520000,272,18,246,217100,0,0,14000,8,6,2.6e+11,5926,55874,280000,454000,63,115,2563,1,338145,0,0,200,192,5587442,662,105,11,7842
"42","France",0.1283,205000,1,6558,69,29957055,4853,0,0,4.09e+10,10,6.356459e+12,1055,23693308,1.564e+11,11,3,435,27742000,548,17,180,1705000,16000,65970000,175000,15,17,2.83217e+12,29640,748926,35000,1053215,13,109,4072,46,643801,10,18,406,1055,68084217,105,165,125,8501
"43","Gabon",4.7871,6500,0,150,0,868267,885,0,0,280620000,0,6.49e+09,23,495826,981600000,0,0,15,557800,62,0,10,24000,195000,2e+09,2000,3,5,3.2e+10,649,43413,0,14300,0,0,3261,0,267667,0,0,0,23,2284912,10,0,2,1600
"44","Georgia",2.0014,25000,0,554,9,2762857,310,0,10,286020000,0,1.8149e+10,66,2239888,3.039e+09,0,0,38,686000,25,0,44,27000,400,3.5e+07,5400,31,2,5.233e+10,1363,74005,0,20295,67,74,1814,0,69700,0,0,143,66,4933674,186,12,2,4349
"45","Germany",0.2322,184000,0,9217,55,36755601,2389,5,75,5.03e+10,0,5.671463e+12,617,29404481,2.001e+11,12,0,287,44585000,599,12,80,2460000,40000,129600000,0,0,13,4.2388e+12,33590,799035,15000,625000,38,121,3694,41,357022,6,0,266,617,79903481,0,37,43,7467
"46","Ghana",2.3098,14000,0,343,0,13920342,539,0,0,289400000,0,2.0467e+10,20,9323392,7.555e+09,0,0,11,12490000,51,0,20,90000,175000,6.6e+08,0,23,2,1.6484e+11,947,582712,0,109515,6,0,2420,2,238533,0,0,0,20,32372889,30,5,2,1293
"47","Greece",0.4506,130000,0,6134,29,4967760,13676,0,0,6.6e+09,0,4.84888e+11,633,4027057,7.807e+09,13,0,270,4000000,1236,8,120,304100,4100,1e+07,35000,35,7,2.95e+11,2548,105697,220500,117000,147,590,1110,14,131957,11,0,1243,633,10569703,669,144,17,6
"48","Guatemala",2.2421,21500,0,140,0,7143357,400,0,4,3.88e+08,0,2.292e+10,33,5993450,1.177e+10,0,0,17,6664000,9,0,25,89000,9500,83070000,30000,20,2,1.42e+11,800,365879,65000,17621,0,0,1667,0,108889,0,0,0,33,17422821,88,4,8,990
"49","Honduras",2.6558,16000,0,92,0,4112362,832,0,9,405110000,0,9.137e+09,44,3084271,4.708e+09,0,0,10,3735000,505,0,55,59000,0,0,23000,60,4,5e+10,699,186926,60000,14742,0,0,1575,1,112090,0,0,19,44,9346277,86,10,11,465
"50","Hungary",0.8633,23000,0,510,8,4572318,0,0,0,3263999300,0,1.23256e+11,55,3745410,2.8e+10,0,0,33,4414000,1,0,0,167700,16000,2.4e+07,12000,0,5,3.0032e+11,8049,116740,20000,203601,0,0,2106,0,103000,0,0,176,55,9728337,12,8,2,1622
"51","India",0.0979,1450000,1,12000,37,629485342,7000,22,130,4.96e+10,10,5.55388e+11,2182,496891621,4.098e+11,13,0,805,521900000,1801,0,295,4521000,710000,4.495e+09,2527000,128,13,8.44336e+12,68525,22768619,1155000,4699024,1338,100,13888,71,3287263,17,6,4614,2182,1339330514,3311,353,253,14500
"52","Indonesia",0.2251,400000,0,1444,15,134809844,54716,24,23,9.3e+09,0,3.93252e+11,445,111974707,1.302e+11,7,0,172,129366000,10427,11,296,1601000,775000,3.31e+09,280000,181,16,3.13047e+12,8159,4677076,400000,496607,63,153,2958,17,1904569,4,1,314,445,275122131,413,126,66,21579
"53","Iran",0.2104,575000,0,7600,12,48097790,2440,3,23,5e+09,0,7.995e+09,543,40367788,1.206e+11,7,0,126,30500000,893,1,142,1804000,4250000,1.572e+11,90000,66,4,1.04431e+12,8484,1374223,350000,223485,2485,1030,5894,9,1648195,19,7,2831,543,85888910,2108,96,85,850
"54","Iraq",0.5597,200000,0,5050,40,16653061,58,2,33,6855200000,0,7.302e+10,361,13481049,4.888e+10,0,0,164,8900000,68,0,63,826000,4615000,1.488e+11,130000,26,3,3.7227e+11,2272,674052,0,59623,232,171,3809,21,438317,0,0,826,361,39650145,1176,112,16,5279
"55","Ireland",2.3147,8700,0,122,0,2403447,1448,0,0,1.1e+09,0,2.829303e+12,23,1995906,4.412e+09,0,0,8,2289000,96,0,9,153700,0,0,0,5,7,4.4797e+11,4301,57474,4000,99830,0,0,443,3,70273,0,0,0,23,5224884,0,8,4,956
"56","Israel",0.2621,173000,0,8044,48,3690559,273,7,27,1.78e+10,0,1.325e+11,597,3066679,1.13e+11,0,0,127,3893000,41,0,67,242200,400,12730000,8000,45,5,3.55e+11,1384,123019,465000,19555,48,650,1068,23,20770,5,11,1900,597,8787045,300,153,15,0
"57","Italy",0.1801,170000,2,6908,59,28075664,7600,0,95,29198401050,4,2.463208e+12,862,22710092,1.512e+11,13,0,396,22920000,1296,10,184,1236000,90000,487800000,107000,21,14,2.32214e+12,20182,561513,20000,487700,21,54,1836,27,301340,8,10,200,862,62390364,108,188,39,2400
"58","Ivory Coast",2.7392,25000,0,85,1,11516267,515,0,0,6.51e+08,0,1.307e+10,5,7359175,6.257e+09,0,0,1,8747000,25,0,10,51000,55000,1e+08,7000,6,3,1.35e+11,660,533681,0,81996,6,0,3458,0,322463,0,0,10,5,28088455,4,0,4,980
"59","Japan",0.1195,240000,0,5500,119,53615536,29751,6,23,47482740000,36,4.254271e+12,1449,43391178,1.264e+12,4,4,554,66540000,5201,22,155,3894000,3200,44120000,14000,6,44,5.22585e+12,27311,1122186,55000,1218772,99,214,0,164,377915,21,7,1004,1449,124687293,480,425,59,1770
"60","Jordan",1.3989,90000,0,3693,44,3381966,26,0,4,2053900000,0,3.2088e+10,255,2912854,1.556e+10,0,0,133,731000,35,0,27,139000,25,1e+06,15000,27,1,1.0016e+11,509,141824,65000,7203,88,461,1744,5,89342,0,0,1401,255,10909567,84,56,13,540
"61","Kazakhstan",1.0615,45000,0,1215,25,8660607,26,0,39,3.9e+09,0,1.59351e+11,237,6582061,3.075e+10,0,0,75,8685000,119,2,15,274000,1855000,3e+10,32000,15,5,4.7518e+11,1614,269411,0,95409,407,246,13364,0,2724900,0,0,310,237,19245793,450,25,17,0
"62","Kenya",1.5252,24000,0,959,2,20233469,536,0,0,1186080000,0,2.9289e+10,151,13179097,7.354e+09,0,0,87,19600000,26,0,23,109000,0,0,5000,7,2,2.2594e+11,3819,874961,0,177800,5,30,3457,2,580367,0,0,109,151,54685051,50,23,22,0
"63","Kosovo",13.9136,3500,0,152,0,897960,0,0,0,112479000,0,2.388e+09,0,727657,6.95e+08,0,0,0,500000,0,0,0,14000,0,0,0,0,0,2e+10,333,17417,3000,2012,0,0,714,0,10887,0,0,0,0,1935259,0,0,0,0
"64","Kuwait",1.2988,17000,0,909,16,1667636,499,0,0,8.172e+09,0,4.724e+10,99,1400814,3.37e+10,0,0,54,2695000,165,0,123,446000,2805000,1.015e+11,7000,106,5,2.1e+11,0,36385,24000,5749,27,74,475,0,17818,0,3,367,99,3032065,0,13,2,0
"65","Kyrgyzstan",2.2011,12000,0,685,2,3069582,0,0,0,116040000,0,8.372e+09,6,2425572,2.177e+09,0,0,6,2841000,0,0,0,37000,1000,4e+07,10000,0,2,3e+10,424,114357,0,34000,21,30,4573,0,199951,0,0,215,6,6018789,276,0,0,600
"66","Laos",3.6906,25000,0,200,0,3332717,0,0,0,38280000,0,1.49e+10,32,2401071,1.27e+09,0,0,27,3582000,1,0,39,18000,0,0,50000,35,0,5.5e+10,0,151487,0,39568,64,34,5274,0,236800,0,0,130,32,7574356,87,4,1,4600
"67","Latvia",2.2758,6500,0,297,0,838209,498,0,0,853758013,0,4.0164e+10,4,670567,4.614e+09,0,0,4,885000,70,6,18,44600,0,0,8200,11,2,5.5755e+10,1860,16764,15000,70244,0,63,1370,0,64589,0,0,0,4,1862687,0,0,0,300
"68","Lebanon",2.8681,80000,0,1959,0,2051935,225,0,9,1001400000,0,3.3077e+10,76,1741514,5.542e+10,0,0,58,2166000,48,0,86,154000,0,0,20000,22,2,8e+10,401,68398,0,21705,30,84,484,0,10400,0,0,361,76,5261372,374,9,0,170
"69","Liberia",8.5213,2000,0,50,0,2294173,579,0,0,11800000,0,8.26e+08,0,1835339,459800000,0,0,0,1677000,3492,0,6,8000,0,0,0,0,2,6.5e+09,429,62568,0,10600,0,0,1667,0,111369,0,0,0,0,5214030,0,0,0,0
"70","Libya",1.3265,30000,0,2275,7,3648956,1770,1,2,3.475e+09,0,3.02e+09,127,3136699,7.471e+10,1,0,32,1114000,94,2,7,260000,1040000,4.836e+10,0,1,5,6.865e+10,2000,119293,0,37000,450,183,4339,0,1759540,0,0,100,127,7017224,125,65,8,0
"71","Lithuania",1.7083,16000,0,572,0,1762518,90,0,0,1145745000,0,3.7859e+10,10,1374764,4.45e+09,0,0,5,1333000,64,4,11,58000,2000,1.2e+07,11000,4,3,1e+11,1768,37962,15000,84166,0,21,1545,0,65300,0,0,0,10,2711566,54,0,5,441
"72","Madagascar",4.4351,13000,0,109,0,10463055,4828,0,0,109760000,0,3.085e+09,5,7434276,1.6e+09,0,0,5,13400000,27,0,8,18000,0,0,10000,9,4,4e+10,836,523153,0,31640,0,0,0,0,587040,0,0,12,5,27534354,17,0,0,600
"73","Malaysia",0.7091,115000,0,1708,0,15754121,4675,6,12,3792819200,0,2.24596e+11,144,13072568,1.024e+11,3,0,41,15139000,1769,4,82,704000,645000,3.6e+09,100000,29,9,8.556e+11,1851,536310,52000,144403,54,0,2742,4,329847,2,4,48,144,33519406,196,39,18,7200
"74","Mali",2.3829,18000,0,264,7,6242633,0,0,0,591260000,0,4.192e+09,29,3926818,647800000,0,0,9,6447000,0,0,0,22000,0,0,2000,0,1,4.4e+10,593,322200,0,139107,32,0,7908,1,1240192,0,0,80,29,20137527,50,4,6,0
"75","Mauritania",4.3067,16000,0,100,0,1590921,754,0,4,194475000,0,4.15e+09,25,1113645,8.75e+08,0,0,4,1437000,5,0,5,17000,4000,2e+07,5000,3,2,2.3e+10,728,77506,0,12253,0,0,5002,2,1030700,0,0,30,25,4079284,100,9,6,0
"76","Mexico",0.6423,250000,0,3435,0,61197464,9330,7,33,6.456e+09,0,4.56713e+11,469,49609008,1.753e+11,5,0,159,50914000,671,0,154,1984000,1855000,6.63e+09,100000,126,14,2.30632e+12,20825,2213525,65000,398148,0,0,4389,25,1964375,0,0,0,469,130207371,200,204,45,2900
"77","Moldova",2.5799,6000,0,381,0,1994325,0,0,0,47640000,0,7.232e+09,3,1655290,2.803e+09,0,0,2,1295000,147,0,0,18000,0,0,1000,0,0,3.226e+10,1171,66478,12000,9352,25,9,1885,0,33851,0,0,10,3,3323875,69,0,1,558
"78","Mongolia",2.4318,9000,0,770,0,1823380,0,0,0,91980000,0,2.9945e+10,11,1513086,3.016e+09,0,0,6,1241000,302,0,0,27000,20000,0,10000,0,0,3.76e+10,1815,60779,50000,113200,130,0,8082,0,1564116,0,0,470,11,3198913,300,2,3,580
"79","Montenegro",4.8015,2000,0,100,0,145,294,0,0,74074500,0,2.516e+09,11,86253,1.077e+09,0,0,11,167000,17,0,13,6000,0,0,10000,5,1,1.15e+10,250,3644,0,7762,18,0,680,0,13812,0,0,0,11,607414,12,0,0,0
"80","Morocco",0.8573,200000,0,3500,0,17549670,1835,1,0,5438823613,0,5.2957e+10,249,14917220,2.627e+10,6,0,64,10399000,93,0,121,278000,160,684000,25000,22,7,2.5942e+11,2067,621551,100000,57300,144,517,2363,4,446550,0,2,3335,249,36561813,211,67,29,0
"81","Mozambique",3.1746,11000,0,317,2,13590735,2470,0,0,140200000,0,1.091e+10,18,7196912,3.361e+09,0,0,8,12900000,30,0,8,26000,0,0,0,8,3,3.842e+10,4787,494209,0,31083,12,0,4783,0,799380,0,0,90,18,30888034,270,1,1,460
"82","Myanmar",0.5972,400000,0,1587,9,30246622,1930,3,21,2285700000,0,6.594e+09,280,21800396,4.924e+09,5,0,80,22300000,95,2,155,123000,11000,1.39e+08,50000,133,3,2.4724e+11,5031,1027244,0,157000,486,190,6522,5,676578,1,0,664,280,57069099,1869,93,26,12800
"83","Namibia",4.3496,12500,0,489,2,589202,1572,2,0,363800000,0,7.969e+09,30,382981,2.432e+09,0,0,7,956800,14,0,8,27000,0,0,5000,5,2,2.26e+10,2628,29460,0,48875,7,0,4220,0,824292,0,0,5,30,2678191,54,14,3,0
"84","Nepal",3.4016,95000,0,277,0,14908190,0,0,0,437580000,0,5.849e+09,14,11470179,9.091e+09,0,0,9,16810000,0,0,0,27000,0,0,10000,0,0,1.1072e+11,59,760622,0,27990,0,0,3159,0,147181,0,0,0,14,30424878,14,0,5,0
"85","Netherlands",0.5937,35000,0,2806,24,7801831,451,0,13,1.426e+10,0,4.345413e+12,156,6328152,3.844e+10,6,0,70,8907000,1199,6,61,945500,18000,81130000,5000,4,6,9.4548e+11,3058,190711,5000,139124,0,57,1053,0,41543,4,1,18,156,17337403,15,28,4,6237
"86","New Zealand",1.6836,9600,0,500,0,2146320,15134,0,0,3.7e+09,0,1.90621e+11,47,1717056,2.068e+10,2,0,22,2709000,115,0,9,169100,25000,51800000,0,4,6,2.156e+11,4128,59897,2500,94000,0,0,0,5,267710,0,0,0,47,4991442,24,13,7,0
"87","Nicaragua",3.7337,12000,0,300,0,3059526,910,0,0,88340000,0,1.1674e+10,17,2597475,2.758e+09,0,0,11,3046000,5,0,25,37000,0,0,0,22,2,3.498e+10,0,137366,0,23897,163,0,1253,0,130370,0,0,195,17,6243931,630,1,5,2220
"88","Niger",2.5998,10000,0,182,1,7081730,0,0,2,287280000,0,3.728e+09,16,4744759,1.314e+09,0,0,7,6500000,1,0,0,14000,9000,1.5e+08,3000,0,0,2.897e+10,0,401298,0,18949,0,0,5834,2,1267000,0,0,0,16,23605767,0,0,5,300
"89","Nigeria",0.5745,135000,0,2019,15,116315847,853,0,22,5875755689,0,2.6847e+10,140,83835195,3.877e+10,1,0,52,60080000,791,2,133,325000,2000000,3.745e+10,80000,109,4,1.01353e+12,3798,3950350,0,195000,47,44,4477,6,923768,0,0,376,140,219463862,349,26,20,8600
"90","North Korea",0.4621,1200000,0,4114,20,9299290,2495,0,114,4.5e+09,0,5e+09,946,5217935,5e+09,5,0,204,14000000,264,10,450,18000,0,0,200000,200,7,3.85e+10,7435,413302,600000,25554,1360,450,1607,0,120538,35,0,5895,946,25831360,250,169,1,2250
"91","North Macedonia",5.7275,7500,0,228,4,944948,0,0,0,192639000,0,9.065e+09,20,781072,2.802e+09,0,0,10,793000,0,0,0,21000,0,0,4000,0,0,3.3e+10,925,27667,3000,14182,11,0,838,0,25713,0,0,10,20,2128262,36,10,0,280
"92","Norway",0.5455,23000,0,700,0,2203836,25148,6,21,8.3e+09,0,6.5104e+11,161,1807146,6.592e+10,4,0,49,2699000,1644,6,48,205300,1515000,6.376e+09,40000,17,11,3.4206e+11,4200,71625,0,94902,12,80,2566,8,323802,6,0,36,161,5509591,0,35,4,1577
"93","Oman",1.4453,40000,0,932,0,1404007,2092,5,10,8396300000,0,4.627e+10,128,1222964,1.609e+10,0,0,31,2255000,57,0,22,188000,980000,5.373e+09,6000,12,5,1.35e+11,0,48032,0,60230,12,0,1561,4,309500,0,0,117,128,3694755,183,45,9,0
"94","Pakistan",0.1572,640000,0,9950,57,102417845,1046,2,90,7690148664,2,1.07527e+11,1387,80981552,1.846e+10,6,0,307,61710000,57,3,114,557000,90000,332200000,500000,48,2,1.02113e+12,11881,4525440,500000,263775,560,689,7257,24,796095,9,4,2824,1387,238181034,1208,551,54,25220
"95","Panama",5.0255,0,0,50,0,1767891,2490,0,0,741160000,0,1.01393e+11,39,1060734,2.703e+09,0,0,22,1633000,7980,0,20,146000,0,0,27000,0,3,1.09e+11,77,47144,0,11978,0,0,687,1,75420,0,0,0,39,3928646,0,4,12,800
"96","Paraguay",2.6873,14000,0,75,0,3418140,0,0,0,3.53e+08,0,1.6622e+10,41,2901783,7.877e+09,0,0,15,3428000,110,0,40,43000,0,0,10000,16,4,8.5e+10,30,145453,50000,74676,0,6,4655,0,406752,0,0,8,41,7272639,50,15,9,3100
"97","Peru",0.7453,95000,0,552,16,15456588,2414,7,22,1.83e+09,0,8.1333e+10,243,12526276,6.383e+10,7,0,89,3421000,98,0,63,250000,50000,434900000,50000,7,8,4e+11,1854,611823,100000,140672,90,24,7062,9,1285216,6,0,146,243,32201224,231,66,39,8808
"98","Philippines",0.8076,130000,0,600,2,47651880,36289,1,25,4.39e+09,0,8.1995e+10,182,39118869,8.157e+10,2,0,103,41533000,1805,0,93,424000,13000,138500000,50000,50,5,8.7156e+11,77,1994730,100000,216387,0,12,0,9,300000,0,0,18,182,110818325,286,24,21,3219
"99","Poland",0.4179,120000,0,4786,30,18711097,440,2,0,1.45e+10,0,3.5177e+11,452,15350737,1.133e+11,2,0,207,9561000,143,21,86,649600,21000,1.26e+08,32500,3,4,1.2e+12,19231,458231,0,420000,197,609,2845,9,312685,1,0,863,452,38185913,0,96,49,3997
"100","Portugal",0.7282,30500,0,725,0,5172401,1793,2,0,3.36e+09,0,4.41485e+11,97,3982749,2.905e+10,5,0,22,4828100,726,0,107,236000,12932,0,25000,20,7,3.3164e+11,3075,124138,100000,82900,0,24,1224,10,92090,2,0,37,97,10344802,45,26,15,210
"101","Qatar",1.4429,14000,0,3100,24,619999,563,4,6,5.856e+09,0,1.678e+11,165,476159,1.501e+10,0,0,66,1953000,129,0,86,277000,1465000,2.524e+10,5000,20,3,2.4566e+11,0,12400,0,7039,47,46,87,0,11586,0,0,134,165,2479995,12,41,12,0
"102","Republic of the Congo",3.1759,12000,0,181,1,2004443,169,0,0,348160000,0,4.605e+09,13,1202666,505700000,0,0,8,2055000,11,0,6,17000,340000,1.6e+09,2000,0,6,2e+10,510,102931,0,23324,30,3,5008,0,342000,0,0,53,13,5417414,23,0,3,1120
"103","Romania",0.5938,67000,0,1392,0,11039788,225,7,0,5148090000,0,1.17829e+11,147,9044134,4.443e+10,3,0,62,4889000,121,5,45,198000,70000,6e+08,15000,3,6,5.5607e+11,11268,233534,50000,84185,207,0,2844,2,238391,0,0,451,147,21230362,808,42,11,1731
"104","Russia",0.0501,850000,1,30122,544,69737187,37653,86,739,1.54e+11,15,4.79844e+11,4173,46681219,4.327e+11,11,0,1543,69923000,2873,49,605,3650000,10760000,8e+10,250000,59,8,3.87569e+12,87157,1280887,250000,1283387,3391,6574,22408,132,17098242,70,20,12420,4173,142320790,7571,522,445,102000
"105","Saudi Arabia",0.2966,225000,0,6202,34,18087554,2640,4,81,4.6e+10,0,2.051e+11,897,16626636,4.964e+11,7,0,258,13800000,392,3,57,3287000,10425000,2.662e+11,125000,39,5,1.54324e+12,5410,591324,0,221372,275,705,4272,14,2149690,0,22,1062,897,34783757,1818,190,49,0
"106","Serbia",0.9923,25000,0,1133,4,3417402,0,0,17,1059200000,0,3.0927e+10,117,2699050,1.191e+10,0,0,51,3000000,0,4,16,74000,17000,77500000,5000,6,1,1.258e+11,3809,83691,50000,44248,406,93,2322,0,77474,0,0,323,117,6974289,404,38,1,587
"107","Sierra Leone",7.5206,9000,0,20,2,1497601,402,0,0,19325000,0,1.615e+09,4,898561,4.78e+08,0,0,4,132000,591,0,10,6500,0,0,0,7,3,1.315e+10,0,34036,0,11700,0,0,1093,0,71740,0,0,0,4,6807277,0,0,0,800
"108","Singapore",0.6253,60000,0,3517,18,3812990,193,6,0,1.156e+10,0,1.557646e+12,244,2557637,2.799e+11,6,0,79,3778000,3321,4,40,1322000,0,0,10000,15,1,5.3104e+11,0,64528,200000,3500,24,48,0,9,697,5,11,170,244,5866139,77,36,9,10
"109","Slovakia",0.9617,13000,0,454,0,2772394,0,0,0,2.092e+09,0,1.15853e+11,50,2299456,3.622e+09,0,0,24,2511000,0,0,0,85880,200,9e+06,0,0,2,1.6557e+11,3580,59797,0,56926,25,16,1587,1,49035,0,0,20,50,5436066,9,8,7,172
"110","Slovenia",1.9486,7000,0,380,0,1009011,47,0,0,581680000,0,4.8656e+10,37,828230,889900000,0,0,12,885000,9,0,2,52140,5,0,5000,2,1,7.675e+10,1229,22913,2000,38985,0,8,1211,0,20273,0,0,44,37,2102106,18,22,3,0
"111","Somalia",11.8854,17500,0,65,0,2781767,3025,0,0,63934000,0,5.3e+09,0,1669060,30450000,0,0,0,4154000,4,0,3,5600,0,0,0,11,2,1.319e+10,0,120946,0,15000,0,0,2385,0,637657,0,0,0,0,12094640,0,0,0,0
"112","South Africa",0.4276,72000,0,2565,12,26210172,2798,0,0,2910671379,0,1.79871e+11,225,14130701,5.072e+10,4,0,91,14687000,105,2,47,621000,1600,1.5e+07,180000,31,6,6.8004e+11,20986,968637,15000,750000,50,43,5244,7,1219090,3,0,195,225,56978635,82,88,22,0
"113","South Korea",0.1261,555000,0,13990,112,25857581,2413,11,90,4.632e+10,12,4.57745e+11,1595,21203216,3.892e+11,18,2,739,26839000,1904,13,234,2584000,0,0,75000,111,11,2.1878e+12,3979,413721,500000,100428,574,3040,237,30,99720,22,4,2624,1595,51715162,3854,289,41,1600
"114","South Sudan",2.5072,175000,0,150,6,5492037,0,0,0,2.76e+08,0,2.25e+09,18,3514904,7.3e+07,0,0,16,750000,0,0,0,8000,150200,3.75e+09,0,0,0,2e+10,248,285586,0,90200,7,12,6018,0,644329,0,0,55,18,10984074,0,0,2,0
"115","Spain",0.2901,120000,1,5033,23,21739869,4964,0,12,1.175e+10,0,2.338853e+12,503,17628198,6.941e+10,11,0,119,19057000,478,6,139,1296000,1700,1.5e+08,80000,22,12,1.71486e+12,15333,330824,15000,683175,0,96,1953,15,505370,2,0,327,503,47260584,140,168,49,1000
"116","Sri Lanka",1.4729,250000,2022,600,9,11061179,1340,0,0,1.86e+09,0,5.5332e+10,86,8964164,7.959e+09,5,0,56,8000000,90,0,275,116000,0,0,11000,59,1,2.748e+11,1562,322618,5500,114093,22,0,0,2,65610,0,0,182,86,23044123,164,6,17,160
"117","Sudan",1.3382,100000,0,207,43,24778111,853,0,38,287210000,0,5.605e+10,192,15848641,1.98e+08,0,0,72,11920000,15,0,18,112000,95000,5e+09,55000,10,1,1.764e+11,7251,1215530,50000,31000,30,10,6819,0,1861484,0,0,360,192,46751152,389,12,25,1723
"118","Suriname",7.4234,1800,0,100,0,135245,386,0,0,41888000,0,1.7e+09,3,79917,424400000,0,0,3,144000,10,0,18,13000,17000,84200000,0,16,2,9.46e+09,0,3074,0,4304,0,0,1907,0,163820,0,0,0,3,614749,0,0,0,1200
"119","Sweden",0.4231,16000,0,3371,0,4104707,3218,7,0,8.6e+09,0,9.11317e+11,204,3447954,6.222e+10,0,0,53,5029000,370,9,316,323100,0,0,22000,161,11,5.2475e+11,14127,102618,0,573134,0,48,2211,4,450295,5,1,121,204,10261767,0,69,6,2052
"120","Switzerland",0.5015,24000,0,1339,0,3719606,0,0,0,5.984e+09,0,1.909446e+12,158,3017953,8.112e+11,0,0,42,5067000,20,0,0,223900,0,0,0,0,1,5.9017e+11,5690,92990,120000,71557,0,133,1770,1,41277,0,0,134,158,8453650,0,46,17,1299
"121","Syria",0.6953,100000,0,5372,27,13045962,193,0,18,2020500000,0,4.989e+09,452,11313295,407300000,0,0,154,3767000,28,7,43,134000,25000,2.5e+09,50000,33,3,4.7e+10,2052,570761,0,69873,629,552,2363,0,185180,0,0,3540,452,20384316,2210,67,5,900
"122","Taiwan",0.3215,170000,0,3472,91,12257467,1566,2,0,1.68e+10,4,1.89684e+11,741,1060742,4.567e+11,22,0,208,11498000,429,14,117,962400,200,2380000,11500,43,6,1.145277e+12,1613,306437,1500000,43206,115,257,0,19,35980,4,0,1110,741,23572052,1410,207,19,3720
"123","Tajikistan",2.7163,9500,0,100,6,4135802,0,0,0,90134000,0,6.47e+09,25,3263687,1.292e+09,0,0,20,2295000,0,0,0,24000,180,1.2e+07,5500,0,0,3.488e+10,680,152845,0,30000,62,0,4130,0,143100,0,0,47,25,8990874,10,4,1,200
"124","Tanzania",2.8437,26000,0,89,0,11176697,1424,0,0,748920000,0,2.2054e+10,37,6147183,5.301e+09,0,0,9,24890000,314,0,19,72000,0,0,1000,10,2,1.5279e+11,4567,558835,40000,87581,0,0,4161,0,947300,0,0,42,37,62092761,0,8,6,0
"125","Thailand",0.4581,350000,0,2836,7,36129870,3219,7,18,2933064054,0,1.6789e+11,469,27792208,2.026e+11,7,1,177,37546000,839,5,292,1326000,230000,349400000,6000,49,5,1.2e+12,4127,1111688,100000,180053,5,44,5673,20,513120,0,0,637,469,69480520,116,130,50,4000
"126","Tunisia",1.3664,36000,0,954,0,5905668,1148,0,0,1177200000,0,3.5911e+10,151,5078874,5.594e+09,0,0,102,4054000,71,0,40,102000,40000,4.25e+08,10000,36,5,1.15e+11,2173,200793,0,20000,0,0,1495,0,163610,0,0,145,151,11811335,86,29,9,0
"127","Turkey",0.1961,425000,0,13270,107,42148498,7200,10,0,9.69e+09,0,4.38677e+11,1057,35384942,1.077e+11,16,0,474,25677000,1217,11,156,989900,55000,341600000,150000,35,10,2.4e+12,12710,1402201,200000,67333,407,956,2816,20,783562,12,7,3022,1057,82482383,1189,270,81,1200
"128","Turkmenistan",1.6728,30000,0,2050,10,2689506,1768,0,27,407070000,0,539400000,82,2181737,2.491e+10,0,0,26,2305000,73,0,30,160000,245000,6e+08,5000,25,1,9e+10,5113,106018,0,58592,160,73,4158,0,488100,0,0,680,82,5579889,457,0,5,1300
"129","Uganda",2.2436,47000,0,1056,5,15202129,0,0,0,934250000,0,1.385e+10,49,8987141,3.654e+09,0,0,25,15840000,0,0,8,32000,0,2.5e+09,1500,0,3,9.5e+10,1244,894243,10000,20544,26,6,2729,0,241038,0,0,237,49,44712143,35,12,2,0
"130","Ukraine",0.3266,200000,0,12303,34,22310276,2782,1,29,1.187e+10,0,1.1741e+11,318,15617193,1.881e+10,1,0,112,17990000,409,1,38,233000,32000,3.95e+08,50000,13,6,5.15e+11,21733,481202,250000,169694,490,1067,5618,5,603550,0,0,2596,318,43745640,2040,71,32,2150
"131","United Arab Emirates",0.5859,65000,0,9255,30,5716835,1318,9,20,2.5266e+10,0,2.376e+11,554,4859310,9.537e+10,0,0,223,5344000,623,2,79,896000,3215000,9.78e+10,12000,38,8,6.6e+11,0,78853,0,4080,149,183,1066,23,83600,0,3,354,554,9856612,76,146,39,0
"132","United Kingdom",0.1382,194000,2,5015,24,30857260,12429,0,23,6.8e+10,6,8.72159e+12,693,24685808,1.508e+11,12,0,235,35412000,1249,11,75,1584000,1000000,2.069e+09,0,26,16,2.79798e+12,16837,737891,37000,394428,44,89,443,20,243610,10,9,227,693,67081000,126,247,40,3200
"133","United States",0.0453,1390000,11,45193,910,147399295,19924,22,783,7.7e+11,92,2.0275951e+13,13247,122274415,1.233e+11,0,9,5463,146128000,3627,8,484,19960000,11000000,3.5e+10,0,10,35,1.984672e+13,293564,4354979,442000,6586610,1366,1498,12048,774,9826675,68,627,6612,13247,334998398,1339,2661,982,41009
"134","Uruguay",2.4526,22000,0,474,0,1563190,660,0,7,1072600000,0,4.3705e+10,50,1311720,1.596e+10,1,0,11,1748000,61,2,18,53000,0,0,1500,3,1,7.506e+10,1673,54372,0,77732,0,6,1591,5,176215,0,0,79,50,3398239,64,17,8,1600
"135","Uzbekistan",0.8272,55000,0,1215,33,16038254,420,0,20,692520000,0,1.69e+10,200,13478302,1.6e+10,0,0,96,13273000,0,0,0,60000,41000,5.94e+08,10000,0,1,2.3942e+11,4642,616856,0,86496,98,137,6893,0,447400,0,0,420,200,30842796,60,7,18,1100
"136","Venezuela",0.6664,137500,0,2534,10,14534577,2800,0,0,1929600000,0,1.003e+11,256,11918353,9.661e+09,2,0,78,14210000,281,0,46,659000,1500000,3.023e+11,1600000,31,5,2.65e+11,447,581383,30000,96189,54,60,5267,3,912050,2,1,300,256,29069153,104,80,50,7100
"137","Vietnam",0.4521,470000,0,4420,0,53450591,3444,14,0,6237600000,0,9.658e+10,218,43788369,4.95e+10,9,0,99,54659000,1926,8,109,438000,245000,4.4e+09,40000,54,8,8e+11,2600,1747423,0,195468,760,50,4616,4,331210,6,0,2044,218,102789598,599,30,9,17702
"138","Yemen",1.4754,45000,0,300,14,11551712,1906,2,0,1010070000,0,6.805e+09,177,8542187,245400000,0,0,61,7425000,34,3,35,104000,61000,3e+09,375000,15,3,6.5e+10,0,577586,0,71300,50,10,1601,2,527968,0,0,200,177,30399243,43,30,8,0
"139","Zambia",2.1966,16500,0,226,0,6677236,0,0,0,251160000,0,1.166e+10,97,3796485,2.082e+09,0,0,27,6898000,2,0,0,23000,0,0,1000,0,1,6.012e+10,3126,343401,0,67671,50,0,6043,0,752618,0,0,75,97,19077816,42,51,11,2250
"140","Zimbabwe",2.2498,30000,0,318,6,5635395,0,0,0,117390000,0,9.357e+09,90,3218107,431800000,0,0,28,7907000,0,0,0,27000,0,0,10000,0,2,4.079e+10,3427,311430,0,97267,23,0,3229,0,390757,0,0,50,90,14829988,60,38,14,0
